No.1 : ,5★を付けるとプレゼントがもらえるようだけど、満点とは言えない。画面の上部にタッチすると通知バーがすぐに出てきしまうので、思い通りの操作が、出来ない。大変煩わしい。時間の設定がデフォルトで北京時間なのは、設定出来ない人にはちょっと不親切。ハイスペックではないが、それなりの値段なので問題ないが、もう少しバッテリーはもってもらいたい。,4.0
No.2 : ,最新 Android 10　につられて購入。しかしAndroid 10 GOエディションなので注意して下さい。64bit機が欲しくて探していたが、これは32bitだった。CPUやOSの情報は詳しく載せて欲しい。正直返品も考えたが、保護フィルムも貼ってしまったので今回はあきらめます。使ってみての感想アイコンがぼやけている。タッチの位置が少しずれている。液晶が少し浮いている感じがする。価格を考えればそこそこ動くので評価を★2に変更。,2.0
No.3 : ,これまでスマホで動画や電子書籍を見ていたのですが、もう少しだけ大きな画面で見たいと思い購入してみました。私にとっては丁度良い大きさでした。手に持っても邪魔にならないし、スタンドに立てても見やすい。画質も特に不満はありません。ただし、音質は良くないですね。スピーカーに全くこだわりのない素人が聞いても気になるレベルです。値段が値段なので元々期待はしていなかったのですが、このタブレットで音楽を聴く気にはなりません。セットアップに関しては、機械音痴の私でも説明書を読まず出来ました。ただ時刻設定が何故か1時間ずれていて、再度リセットしても直りません。よくよく調べてみたら、タイムゾーンが中国になっていました。初期設定なんだと思いますが、説明書に何も書かれておらずちょっと半泣きになりました。まだ購入したばかりなので、これを使ってZOOMミーティングの参加や車のナビなど色々活用してみたいと思います。,4.0
No.4 : ,ぶつけたわけでも落としたわけでもないのに、いきなり液晶が漏れて使い物にならなくなった。購入してたったの２ヶ月。室内のみでの使用。他の方も液漏れについて書いているが、こんなに簡単に壊れるのはあまりにも酷い。性能についてはお値段なりで納得していたが、こんなに脆いデバイスでは商品としての価値は無いと言えるでしょう。使用出来た時間を考えると、非常にお高い買い物でした。ここの製品はもう二度と買いません。,1.0
No.5 : ,最低！安さに釣られて買わない方がいいですよ！日本語入力が入ってないので、使えない最悪商品,1.0
No.6 : ,画質はチョット暗め、音質はまぁまぁ、重さは軽くてgood。ただ、堅牢さが全く無い。画面が何かに軽く擦れただけで液晶画面が液漏れして使えなくなりました。購入後わずか3日で廃棄処分です。カバンに入れて持ち歩いたとしても同じような結果だと思います。正直、この会社のモノ作りの姿勢に唖然としました。,1.0
No.7 : ,電子書籍や動画がみる回数が増えてきたので、手軽に使えるタブレットがほしくて購入しました。7インチははじめて使ったけど使いやすいコンパクトな感じでいいですね。軽いし持ち運びも便利です。値段の割りに画質や音質も良好。全然許容範囲です。ここらへんをこだわる人ならやめといたほうが無難でしょう。カメラは正直質はよくありませんが、それ目的で買っていないので問題なし。オンライン会議をするくらいなら全然使えるのでパソコンを持ち運びしなくてすむようになりました。普段Androidを使用している方ならタブレットのお試し的な感じでつかってみても全然いいでしょう。電池持ちもいいし、コスパ的には間違いないです。,5.0
No.8 : ,自分のサブ用に安いタブレットを買って3台目になりますが、今回は大当りでした！フィルムが届いた時点で貼ってありましたまぁ、画質は値段相応ですがChromeでゲームが目的だったので、気にしてません！レビューにYouTubeやプライムビデオもさくさくとの事だったので半信半疑ながら試したら、ノンストレスで見れました(;_;)今までのタブレットは固まってしまい再起動の日々で諦めていたのでかなり感動してしまいました(笑)音は100均で購入したスピーカーを使ってます。あとはどのくらいもってくれるかが不安ですね。。できれば長く使いたいです顔認証ですが、顔認証自体が初めてで理解できていないので、登録時どこをみればいいのかわからずのまま登録されてるのでもちろん認証されないです(笑)詳しい方、顔認証はちゃんとされるのかなど詳しくレビューいただけると嬉しいです。,5.0
No.9 : ,レビューで画質が悪いとか書いてありますがさすがに自分の持ってる5～6年前のauのQuo タブレットやKindleよりはましだろうと購入なんてたってアンドロイド10ですからねなめてもらっちゃ困ります(^_^)いろいろインストールしてとりあえずAmazonプライムビデオで画質のチェック　…………え???これ10年前の初期のKindleのタブレットより画質悪くね？て言うかアンドロイド10って何？?????????????????え?え？え？え？え？え？え？え？正直な感想です。まあでも7000円ですからねナビとかau ペイとかもインストールできますしGoogleのコンテンツも使えるのでこれから使い方を考えていきます。とりあえず動画をメインに考えたい人にはオススメしません。あと入ってた箱が立派でした良い箱だったので星１つプラスしました。,2.0
No.10 : ,画面が割れました、1年保証と言ってるのになんと、画面割れは出来ません.......そしてこちらの品を半額でもう一度買えと言われました、China製でとりあえず電話もできません！？(笑)(；＿；)。,1.0
No.11 : ,CPUのスペックが低いのか？ゲームなどはカクカクする。動画を見るにはダメかな画質は悪くない、軽いので持ち運びにはいいと思います。,1.0
No.12 : ,軽いです。私がやってるゲームがAndroidと相性がわるいのか画像は荒いです。動きもカクカクします。YouTubeも少し画像がわるいのかな？TVerも普通に見れます。電池の持ちは…ちょっと悪いかな？充電がなかなか進まない(；；)家の充電器(Bタイプ)が悪いのかな〜（笑）私は毎日やっているゲームが携帯でやっていると電池がすぐ無くなってしまい。これをゲーム用に買ったので満足です。3ヶ月使用してからの感想です。娘がYouTubeを毎日見ています。開くまで時間がかかります。何をするにもワンテンポ遅い感じです。充電に一日かかってたのは、付属のケーブルが付け根の角度によって充電出来なくなるからでした…新品なのに使えない。家のケーブルでやったら普通に充電出来ました。,4.0
No.13 : ,ネットバンクとか、Androidアプリが無いと無料振込回数/無料ATM回数が減ったり即時振込できなくなってきたりしたのでVANKYOの10インチタブレットがよかったので同じくVANKYOの7インチタブレットを購入しましたスマホに近いインチ数なので、スマホみたいな使用方法ができて便利ですね画質もよく、MicroSDカードで内蔵ストレージを増加できて便利ですKindle、Koboのリーダーとしても活躍しています近所に無料WiFiスポットがあるので、そこの飲食待ち時間などにネットをしています持ち運びに便利です7インチタブレットケース、スタイラスペン、置きスタンドなど購入しました,5.0
No.14 : ,"〈入力性能〉の低さ(悪さ)が、何よりのネックです。「高速・多量の文字を打つ」ことが、実質出来ません！原因は、受付け範囲の狭さ　です。文字中心部を正確に打たなくてはなりません、普通(通常)のスマホ・タブレット製品であれば、面(積)で受付けてくれる処を、点で捉えている感じです。例)Evernote入力時など。　○急がず、少量入力の分には問題なく出来ます。　また、関連して。　少し「押す」感じです。(軽い)タッチでは、不確実です。これまで〈タブレット〉DELL  ASUS  Bluedot  Huawei　と使ってきましたが。コレ=vankyoが初めてです。　ただし、同じく今年買った〈スマホ〉Geanee　ADP503も、やはり高速入力では同様の結果=目的の字以外が表示　になりました。(ただし、タッチで可)両製品の共通点は、android10　かつ〈Go Edition〉だという事ですが。実際は、製品の製作上の問題でしょう。△他　問題点Go Edition用ではナイ、通常のアプリ　例)amazon　Music、Evernote　など動作が重い感じです。amazon　Music〜作動し始
め、音楽が途切れ途切れになる場合がある。Evernote〜表示に時間がかかるファーウェイ・エイスース製品では以上の様には成らなく、明らかに違いました。ただし、両社の製品は〈初期不良〉が多い(多かった？)、特にasus。先ず、以上の点が特に問題ですが。ほか、筐体(物体)の出来は悪くなく。プラスチックですが、いい感じ(個人的には)だと気に入っています。またプラスチック故もある為か、製品は軽めです。　ファーウェイは金属まだ使用始めて、数十日ですが。初期不良、今の処はありません。正直、上記のような問題点を除けば気に入っている位です。値段が2000クーポン引きで、約8000円で買えましたし。私は、現在　Evernoteへの入力などは、コレではなく。仕方がないので、古いasusを引っ張り出して使っています。ですので、「高速、大量」の文字を入力する必要のある方には、これからこのvankyo製品を買うことは薦めません。(ちなみに、回数押し変換=トグル入力)　また、通常版アプリの動作に難がある〜遅い・音切れ等　は、このタブレットがGo Editionである為、そもそもGo
Edition用の軽いアプリの使用を前提とした性能造り、なのかも知れません。　ジーニーADP503も、同様の症状でした→もっとひどい=音楽は聴けないレベル。しかし、スマホならばGoEdition仕様というのも分かるのですが。(低性能=バッテリー、メモリ等の節約)タブレットは、部屋の内で使う人・場合が多い機材です。ので、通常版android仕様の方が宜しかった=適切　と思うのですが。これから購入される方は、ご注意下さい。　とりあえず以上とします、2021/9月",3.0
No.15 : ,画質悪すぎ。目が疲れる。,1.0
No.16 : ,1万円以下と言うことで価格なりかなと。液晶はＩＰＳと言うことで視野角は広いですが色が綺麗では無いです。カメラで撮った写真のビューアー代わりに使おうと思ってたのですがチト厳しいです。新緑の緑もくすんだ緑色だし紫も綺麗に発色しません。サクサクでは無いけどちょっとしたブラウジング目的なら大丈夫そうです。子供に与える分には安いし大丈夫かと。ビューアーにはチト・・だけど安かったので調べ物や軽いブラウジング用に使用しようかと思います。,3.0
No.17 : ,"Kindle paperwhiteを愛用ですが、ブックライブ等でも多くの電子書籍を持っているのでリーダーとして購入しました。防水機能はないものの、paperwhiteとほぼ同じ軽さに満足。小説を読むには申し分ないけれど、漫画を読むのには少し画素数が気になります。セリフが見えづらい。また、この価格帯では致し方ないでしょうが、外部ストレージが126GBまでなのは私的に残念ですね。断捨離計画で紙でうずたかい漫画本を電子書籍で買い直して、ガンガンダウンロードするつもりだったのですが、既に90GB消費です。しかしコストパフォーマンスに優れている、軽くて優秀な端末であるのには大満足です。Kindleの他に電子書籍を沢山持ってる同志にはおすすめ。【追記：2021/11/26】やはり外部ストレージが気になったことなどから、半年も経っていませんが、HUAWEI MediaPad M5 lite
8　に買い替えて現在使用しています。価格も違うものですし、当然スペックに優れているのですが、電子書籍（特に漫画）のヘビーユーザーにはMediaPadの方が断然いい。少しだけ機体が大きくなりますが、気になっていた画面の荒さも気になりません。こちらの商品は、複数の電子書籍ストアで本を買うがライトな用途のユーザーに向いている、と言えそうです。よって、星を一つ下げさせていただきました。",3.0
No.18 : ,小学生の息子に購入。今までは8インチのタブレットを使用してましたが、少し大きいので7インチのタブレットにしてみました。サイズ感はちょうど良さそうです。主にYouTubeやゲームに使用。画質や音質も普通、バッテリーの持続時間がどうかな？という感じです。まだ使い始めたばかりなので、どのくらいバッテリーがもってくれるかな？と…子供が使うのでこのくらいでちょうどいいかもです。元々入っているアプリも必要最低限だし、電源入れてWi-Fi設定し、表示も日本語にしてすぐに使えたところはとても良かったです。簡単に設定出来ました！お値段もサイズ感もお手頃でいい買い物が出来ました！,5.0
No.19 : ,通勤時の読書用に購入しました。専用ケースも一緒に買って、スーツの内ポケットにすっぽり入ります。改善点は充電をタイプCにして欲しかったかな。でもこの価格なら十分満足。,5.0
No.20 : ,本日届き早速設定して使用してみました。今使用しているGoogleアカウントを登録したので設定も簡単にできました。他の基本的な設定もAndroidのスマホやタブレットと同じ感じなのでだいたい分かると思います。見てないですが日本語の取説も有りました。今使用しているタブレットは8インチなので少し小さいですが、ほぼゲーム用なので全く問題ありません。速度もサクサク動くのでストレスは感じません、画面も綺麗です。写真を撮ってみましたが、写真は少し画質が荒いです、が、タブレットで写真撮ることはないと思うので私は問題なしです。一緒にフイルムとケースを買ったのですが、フイルムは貼られてるみたいです、３ヶ所ぐらい気泡がありました。充電器も付いてました。結論としては買って良かったです。,5.0
No.21 : ,同メーカーのタブレットS30を持っていて、価格（タイムセール）の割に画質、操作性が良く満足していて毎日使い込んでますが、宅内で持ち運び使用する時ちょっと重いなと思っていました、そこで同メーカーなので安心かなと思い、このS7を購入しました。どうしてもS30と比較してしまいますが、まず軽くコンパクトで腕が持ち運びが楽です、画質・音質・画面操作の反応はやはり劣りますが調べ物、メールとか文書閲覧専用の使い方をするから問題なし、画質はこのタブレットだけ使う方には気にならないレベルだと思います、価格的に考えれば充分な性能ではないでしょうか？この本体には直ぐ使えるよう背面カバーだけ付けて宅内携帯しています。（気になった点:FMラジオアプリが入ってますが、受信周波数帯が私の住む地方のラジオ局周波数から外れていて受信できません、他県なら大丈夫なのでしょうか？）,5.0
No.22 : ,電子書籍やメール、Web、動画視聴での使用目的で購入。このクラスにしては画質は悪くないです。動作もイライラするほどでもなく普通に使えます。128GBのマイクロSDもちゃんと認識しました。Wi-Fiもなんなく繋がります。fireタブレットや電子書籍リーダーも考えたのですが、値段も安くてAndroid10Googleやplayストアも別設定なく使える事が魅力でこちらに決めました。まあ、不安はありましたが使ってみてこちらで正解でした。なんと言っても書籍が読みやすい❗️最新のゲームはかなりキツイですがパズルゲーム等なら普通に出来ます。コスパは素晴らしいと思いますよ。あとは耐久性に期待します,4.0
No.23 : ,"メディアを読み込めませんでした。                         家電に詳しくもないのに、安いタブレットを見つけて購入したのが間違い。　Lineで顔を見ながら話そうにも、声が遠くて聞こえないスピーカー、画質が悪く、屋外では画面をまともに見れません。　到着したのは、SDカードが本体に入らず読み込まない不良品。　サポートセンターを通して問い合わせたところ、不良状態の動画を撮影して送ってほしい、確認してから廃棄処分して新品交換する為、不良状態の確認が取れたら送料を返金するので、「元払い」で返送してほしいと伝えらました。　その後、子供が椅子に座っている状態から床に落としたところ、フレームの端から画面中央に掛けてヒビ割れする始末。　画像のとおり、専用カバー、画面保護フィルムを装着した状態でした。　家電量販店のタブレット担当者に見てもらったところ、かなり脆い商品のようです。　この商品はメーカーの３世代くらい前の「S7」という機種で、店頭には「S10」が陳列されており、価格から見ても叩き売りの中華タブレットとのことで、口コミ通りの商品
でした。　信用できない事もあり、返金対応していただこうと問い合わせたところ、「今回は人為的な原因破損の場合、実は保障範囲内となりませんが、今回はSDカードスロットの不具合のお詫びも含めて、特別対応で弊社よりタブレットのお支払った金額より70％返金させて頂きます。」とのことでした。　タブレットの値段は「7699円」、返金額は「5120円」、ちなみに7699円の70％は「5389.3円」が正解です。　手数料分なのか、計算間違いなのか、もう関わりたくありません。　今後は家電量販店で手に取って、信用できる商品を選びます。　大変、良い勉強となりました。",1.0
No.24 : ,Hulu、Amazonプライム、TVerが見たくて探していました。以前はauタブレットQua tabを使用してましたが、要領が足りず４年使用していたため動作も遅くなっていました。今回探す条件としてはAndroidで要領がそれなりにあり、値段は10000円まで、大きさもスマホのふた回りくらい大きいくらいでいいという条件で探しました。買って大正解です。まだ初日ですが、サクサク動くし大きさもちょうどいい(大人なら片手で持てると思います)、そして軽い！！画質もビックリするほど綺麗というわけではないですが、動画を観るのにいい画質だと思います。スピーカーが背面にあるので、ちょっと音が小さく感じることもありますが、不便なら市販のスピーカーを買おうかな？と思います。ネットで始めてタブレットを購入しましたが、ちゃんとプラグも線も入っていて説明書もあり、親切な商品だと思います。台所や洗面台でたくさん使いたいと思います。,5.0
No.25 : ,画質や音質は、可もなく不可もなし。大きさもちょうど良く、女性の自分が片手で持てて、持ち歩きや場所を選ばず気軽に使う端末としては使いやすいと思います。ただ、WiFiが2.4ghzまでしか対応していないためかYouTubeは動画によっては少しカクつきがあり、某捻れた不思議な国や某刀擬人化男士など高度なグラフィック処理が必要なさそうなアプリゲームでも読み込みに時間がかかり少し不便さを感じました。音楽視聴や文字を読むだけなら十分です。商品詳細の記載を正しく理解していれば、期待通りの品物だと思います。自己責任ですが、自分は詳細を理解しきれず使用用途には合わなかったので⭐︎-1です。,4.0
No.26 : ,ゲーム専用で購入したからいいけど、ネットを見ても他の所持しているFire端末より、動きがもっさりしてます。一番の驚きは軽さですかね。おもちゃみたい。必要最低限の機能はあるかなって感じです。お安いですから、音声もそれなりであることは覚悟が必要ですね。bluetooth対応のスピーカーなどあれば、問題ないかと。結論：消耗品としての購入は良いと思うけど、長く使うにはもっとお金出した方が良いと思います。,3.0
No.27 : ,Android10ではなくAndroid10 GOだったので、Google Autoは使えません従い、「カーナビ・・・」は虚偽広告で騙されたので返品,1.0
No.28 : ,動画見る為購入。バンキョウのタブレットは評価が良かった事とクーポンもありで購入。立ち上げて、中心に英語でしたがここで日本語選択でひとまず安心。アンドロイドは初めてでロックがはずれずサポートセンターありで助かりました。画質は至って普通できれいで良いです。音質は少し割れる感じだが動画にもよるがあまり気にならない。しかし音楽だとやはりイヤホンで聞いた方が良いみたい。なぜかスピーカーが裏側にある。その事もあるが、ボリュームを最高にして普通状態に聞こえる。簡単な日本語説明書でしたがあって助かりました(時刻合わせが出来ないと思ったので)  改善面は多少有りますが、個人的に動画見たいが為なので普通によく見れるしお値段も含め全体的にみて良いと思ってます。,5.0
No.29 : ,2RAMで7インチのお手頃なタブレットを探していました。やっぱり2PAMだとサクサク動く！7インチで手軽に持ち運べるし重たくないので疲れません。母にYouTubeやAmazonプライムビデオや脳トレゲーム用に購入。電子機器苦手な母も使いやすいと絶賛です！設定も、説明書見なくても簡単でサクサク動くのでスムーズにできました。今度は自分用にも買おうかな。ありがとうございました。,5.0
No.30 : ,寝る前にちょっとしたネット使用をしている程度です。たいした使用ではないので、そんなに困ることはありません。ただ、あまりにも電池が減るのが速い。購入して数週間で気になり始めました。電池が急激に減るときによく見られる本体が熱くなる現象がおこります。結局、たいした利用の仕方をしていないので、べつにそれでも耐えられますが、しっかり使用しようとおもっているかたは、厳しいと思います。,2.0
No.31 : ,料理のときレシピサイト閲覧のため、スマホだけでは足りないため購入しました。軽い　女性の手でも片手で持てる大きさ　ちょうどよい。進化していてびっくり。なかなか使いやすい。日本語で設定できるので安心。いつ使いたいアプリを入れて、キッチンに置きっぱなしで使います。漫画や本も読みやすい。画像もまあまあ綺麗です。GALAXYと比べない方が良いくらい。なかなかこれはおすすめだと思います。,5.0
No.32 : ,GPS内蔵ですのでポケGO専用として購入しましたダウンロードも出来、ゲームは出来ますが動作がカックカクのモッサモサです凄いストレスを感じますそれとびっくりするくらいバッテリーの減りが早いです外出先で使わず自宅のWi-FiでポケGOするくらいならいいかもしれませんポケモンGO以外では使用してないのですがこのタブレットは動画や本を見るものだと思います,3.0
No.33 : ,普通に使っていても、画面にノイズが走ります。出品者に連絡しても返答はありません。電話番号にかけると「この電話番号は現在使われておりません。」と.....。一年保証と表記されているから購入しましたが、実際は保証なんてする気はさらさらないのだな、と感じました。安物買いの銭失いです。残念です。追加出品者から連絡が入り一年保証で、新品を送っていただきました。交換をする必要も無く、壊れた方はこちらで処分いたしました。バックアップに不安を感じておりましたが復元でき、使えています。ただ、一年保証はあれど壊れるのが早いのは事実なので星4とさせていただきます。,4.0
No.34 : ,子供二人に買いました。二台持ってます。少し小さい気もするけど、持ち運びにも邪魔じゃないし、暇な車の中とかで使わせるにもいいです。価格変動が激しいのが気になるところ。前にこのメーカーで10.1インチ買いましたけど、約一年でバッテリーが熱もってだめになりました。だから、耐久性はあんまり信用してないけど、買いやすい値段なので仕方ないかなと思ってます。,4.0
No.35 : ,あまり負荷のかからないゲームや動画鑑賞用に買いました。1番最初の画面で言語を聞かれるらしく、うっかりそのままスタートして英語になったので後から設定で直しました。私だけかもしれませんが大量のファイルの入った１２８ギガのSDカードを挿入したまま初期設定をすると、カードのチェックのためかメーカーロゴから動かなくなってしまいます。全ての初期設定が終わってからSDカードを入れてカードのチェックが終わるまで大人しく待ったら（30分ほど）やっと普通に使えるようになりました。3Dでマシンパワーが要求されるゲームはやらないので分かりませんが、普通のゲームなら問題なく動きます。値段の割に良い買い物後できたと思います。,5.0
No.36 : ,現在まで使っていたタブレットの動作がかなり遅くなったので、軽くて片手で気軽に使える７インチのタブレットを探していた。ようやくAmazonで見つけて詳細確認したら、ナント１万円を切る価格で、android10でメモリも３２GBあるというので早速注文した。一昨日受け取って、セットアップ・タブレット間のデータ移行もして、使い始めた。今までのタブレットの１／3以下の価格のため当然質感などに違いはあるが、画面表示や動作はスムーズで、希望どおり寝転がって画面を見たりできるし、気軽に使える。今までのアプリは全部使えて、今までのＯＳではインストールできなかったMicrosoftofficeWordやExcelのアプリも使えるので大満足です。メール、ネット検索、ニュースや天気予報、スケジュール管理などが主な用途ですが長く使えそうです。,5.0
No.37 : ,さっき届きました。YouTube、suporihiの音楽がBluetoothで聴けるので、まずそれだけで満足です。iPadとノートパソコンがあるので、音楽専用で購入しました。追記3日目で充電出来なくなりました。返品します。,1.0
No.38 : ,スマホの延長くらいの機能で良いものがないか探しておりました。正直、あまり機器には詳しくありません。持ち歩かなくてもいいアプリのDL、たまに観る動画配信用です。大変満足しています。新しいのもあり動きもスムーズです。画質は特にこだわりがないので詳しくわかりませんが、普通です！すごい良いという印象も悪いという印象もありません。バッテリーは思ったより消費が早い気がします。２時間くらいの動画をみると残り40%くらいになってます。まぁ、持ち歩くわけではないので困らないです。本体がとても軽くてビックリしました。個人的には満足なので、とても良い買い物をした気分です。,5.0
No.39 : ,タブレットの購入は2度目、数年使用してロードの問題から購入を決めました。主に電子書籍の読書用として使用しています。以前の商品は、1ページずつに読み込みが発生しストレスがありましたが、本商品は動作に対して問題はございません。この性能で1万以内で購入できることに不満はないです。メモリ増設も検討していますが、簡単に増設できそうで問題なさそうです。購入して間もないためこれ以上を記述できませんが、コスパ十分で良い商品と言えます。非常に良い買い物をすることができました。,5.0
No.40 : ,タブレット初心者です。Wi-FiでTVerやYouTubeを見るため購入しました。設定も簡単でしたし動画もサクサクで問題なく使えてます。サイズ感もいいです。アプリも簡単にインストール出来ました画質はそれなりかな？でもこの価格なら満足です1年は保証がつくみたいなので、それもありがたいです,5.0
No.41 : ,電子書籍のマンガを読むにはスマホは小さく、文字が読みにくいことが多々ありました。スマホを買い替える程ではなかったので、試しにと手頃な価格のこのタブレットを購入。実物を見て最初は小さいかな？と思いましたが、持って読むにはサイズ感バッチリでした！画面を横にすれば見開きで読めますし、小さい文字を拡大してもハッキリ見えます。あまり動画は見ませんが、YouTubeを見た時にも気になる点は特にありませんでした。バッテリー持続時間はまだ不明ですが、自宅用で使う分には十分かなと思います。,5.0
No.42 : ,子供の塾用タブレットが壊れたのでこちらを購入しました。格安なので、あまり期待してなかったのに、思った以上の商品でした。設定も簡単。画面も見やすく片手で持てるしバックに入れても邪魔にならない。金額も手ごろで、いい買い物をしたと思います。一年保証がついてるのも安心。家族用にもう一台ほしい。,4.0
No.43 : ,連れ合いの初タブレットととして誕生日にプレゼントしました。VANKYOは若い会社ですが大変しっかりしたものづくりをしています。3Dバリバリのゲームや4K動画にどっぷり浸るような使い方をする端末でもないのでこれで十分でしょう。,5.0
No.44 : ,今年に入ってから10インチタイプのものを買いました。使いやすかったので、こちらの小さいタイプも。軽くて手になじむし持ち運びにちょうどいいです。悩まれている方はぜひ。,5.0
No.45 : ,バッテリー消費が早すぎる気がします。チャージもそこそこですが、一年持つかなという感じ。心配になるくらい軽いので、手が疲れないのは良いですね。,3.0
No.46 : ,動作はまあまあ良いかな某fireよりは良いです主に子供がyoutubeを見る用に買ったのですがスピーカーが背面にある為テーブルの上に置いて使用するとスピーカーが塞がって音が小さくなります側面だったら良かった,5.0
No.47 : ,風呂嫌いな子供の為に防水袋に入れ動画を見ようと購入しました。画質を360Pに落としても動画はブチブチ切れるし音量が小さすぎです。私はお勧めしません。バッテリーの持ちが異常に悪いのも❌です。,2.0
No.48 : ,子供用に購入。持ち運びしやすい小さいものを選択。とても軽いです。今の所問題なく動いています。,5.0
No.49 : ,電子書籍の閲覧用に購入しました。kindlepaperwhite より画面が大きくカラーですので、読書用としては十分です。コストパフォーマンスもいいです。また、軽量ですので、長時間持っていても手首が疲れません。同じ用途でお探しの方にはお勧めです。なお、最新のipadやスマホに比べると動作がゆっくりで画素の粗さが目立ちますので、個人的にはyoutubeを見たり重たいHPの閲覧には適さないと感じました。,5.0
No.50 : ,家庭のリビングでGoogle Homeアプリ使用端末として、レシピやニュースの閲覧端末として購入。安価だったが、上記の目的でまったく問題なく使用できている。顔認証機能もありやすいからと言って侮れない感じ。唯一気になったのが、WIFIで2.4GHz帯しか対応してなかった点。新しい機種なのに意外だった。,4.0
No.51 : ,軽くて女性が片手でも持ちやすいです。反応も悪くありません。動画再生もスムーズです。ただ、画像処理にかなり余裕があるというほどではないようで、アプリによっては使用中に画面を回転させると、読み込みが変になります。(JW libraryアプリの、メディアの動画リストを表示中に回転させると、動画リストが正常に表示されないことがあります。この場合、メモリを開放してアプリを再起動すれば問題ありません。ちなみに、動画再生中に画面回転させる分には問題ありません。),4.0
No.52 : ,以前もVANKYOのタブレットを利用していたのですが、スペックが格段に良くなっておりました。皆さんのレビューにもある通り、「コスパ最高」だと思います。小学生の子供用に高額なものを購入するのもどうかとおもっていたので、助かりました。Googleが利用できるのが良いです。Androidユーザー歴が長いと、Googleが利用できないと不便に感じることがあるかと思います。microSDカードも128GBまで利用できるので良いですね。,5.0
No.53 : ,Kindle等で本や漫画を読む為に、電子書籍リーダー代わりに購入。サイズ感も重さもちょうど良く、漫画を読む時にはコミックスより少し小さい程度なので比較的読みやすい。専用のカバーも購入。Netflix等で動画を見る時には重宝している。タッチパネルは二本指での操作には対応していないので、拡大縮小はダブルタップに限りますが、操作性はそこまで悪くないです。何よりも1万円でお釣りがくる値段でここまで使えれば満足です。,5.0
No.54 : ,サブ機で使っていたNexus7(2013)から買い替えようと思って購入。まあまあ使えればいいと思ったのですが，よく見ると画質が1024×600で発色や明るさが見劣りしました。Nexus7はだいぶ前のモデルですが画質が1920x1200でキレイだったんですね。入門機としてはいいと思いますが買い替えの方は今使っているものの画質をチェックしたほうがいいですよ。動作は問題ありません。,3.0
No.55 : ,いままで使用していたタブレットの動作の遅さが気になり、この機種が相対的に早いかなと、タイムセールに釣られて購入しました。確かに動作はそれなりに早いのですが、アイコンや画面のカラーがくすんでいて鮮やかではないし、解像度もそれなり。バッテリーの減りも感覚的には早いかな．．と。まあ、値段が値段なので贅沢は言えません。,4.0
No.56 : ,小学生の子供用に購入。リズムゲーム、YouTubeなどで使用しており、少しかくつきますが、このお値段なら許せる範囲内です。ただ画面がいつのまにか割れてしまっていたので、もしかしたら弱いのかも…,4.0
No.57 : ,WIFI専用機にもかかわらず接続できない。接続できても切れる。再接続時にパスが必要になる。その都度ルーターのパスを見に行く、あるいは取説を引っ張り出さなければならなかった。,1.0
No.58 : ,スマホで漫画アプリを見ていましたが、いつも字が小さく見にくかったので、タブレット購入を検討していました。漫画アプリは古いOSでは起動しないため、色々と探していたところこの商品を見つけました。Android 10 (Go edition)ということでローティア向けのOSですが、問題なく漫画アプリが動作しました。（ジャンプ+、マガポケ、サンデーうぇぶり）若干通信時にもたつきがありますが、問題ないレベルです。初期導入のタブレットとしては、十分使えると思います。,3.0
No.59 : ,液晶のモロさと画質は他のレビューでもわかる通りですが、ブラウジングもスペックの低さからか、遅すぎます。このストレスを安いから良しとするのかが明暗の分かれ道です。私は二度と買いません。,1.0
No.60 : ,操作がカクついて文字を打つのに非常にストレスを感じますYouTubeを見るだけならいいがネットの検索等文字を打つ作業は無理ですちなみにYouTubeアプリ立ち上げにも５秒から10秒程待ち2時間程動画を見れば電池が無くなります期待し過ぎました返品します,1.0
No.61 : ,１台別のタブレットはありますが、姉弟喧嘩が絶えない為５才の娘の誕生日プレゼントに購入しました。顔認証もできタブレットを触る時間も設定でき親が管理できるようになっています。アプリも動画も問題なく使えています。タブレットを使い慣れているので操作も問題なしです。,5.0
No.62 : ,動画（プライムビデオ等）再生時の画面が暗く、色相が悪い。それ以外はいうことなし。当方の画面の色相の評価にについて、いろいろと対応していただき購入後のフォローの良さについて、大変感謝しています。この値段にての性能としては、コスパ的に優れていると思いました。購入者の気持ちになり、いろいろと細かくフォローしていただきありがとうございました。購入したS7は今後も大事に使っていこうと思っています。長く使えますように！,5.0
No.63 : ,今まで使っていた他メーカーの同サイズのものを落として画面が割れてしまい、なんとか使っていたのですがやっぱり気になるのでサイズと値段で購入しましたが…OSが新しくなったものの、画面は暗いし画質は荒いしタッチ操作の反応が中途半端に敏感で誤タッチ増えるし……バッテリーの持ちもよろしくなく、これが本当に新品なのかと思いたくなるくらい。その辺を割り切って買うならありだとは思いますが…,1.0
No.64 : ,思ったより使いやすく、画質も良いと思います。まだ使い始めたばかりなのでバッテリーの保ち具合はわかりませんが、私のようなガラケーと2台持ちには十分です。軽くてどこに行くにも持ち歩けて購入して良かったと思います。私は特に電子書籍と音楽を楽しんでますがbluetoothも問題なしです。,4.0
No.65 : ,子供の塾がコロナのせいでスカイプ対応になり、タブレットを購入してくださいと言われこれにしました。仕事ではiPadを使用していますが、プライベートでのタブレットはこれが初です。iPadより縦長ですが、価格も安く、使い勝手もよさそうです。電源を入れた時、充電も満タンでちょっと安心しました（笑）。気兼ねなく使えて子供も満足しています。,5.0
No.66 : ,日本語マニュアルがカラーでとても分りやすく、すぐ使えるようになりました。親用に購入。解像度が心配でしたが、私の使い方であれば全く問題なかったです。そして、クーポンも利用出来たので、コスパが最高でした。とても嬉しいです。,5.0
No.67 : ,YouTube用タブレットがアンドロイドのバージョンの関係で使えなくなったので買い替えました。安価なのにパフォーマンスはバッチリです。アンドロイドも最新バージョンでYouTubeもサクサク動きます。大満足です。しいて上げれば音が小さいのが改善されれば100点です。,4.0
No.68 : ,到着したばかりで耐久性は不明。,4.0
No.69 : ,今までASUS ME173X を使用していましたが　Android4.2.1の為、YouTubeが見れなくなってしまいました。そこで　Android 10 の VANKYO S7 を購入しました。ME173Xよりサクサク動きます。 YouTubeも快適ですが、解像度が1024×600(ME173Xは1280×800) の為、画質は落ちます。でもカクカクせず見れるのでストレス解消です。コスパ的に良いと思います。,5.0
No.70 : ,飲食店ＰＯＳレジの為に購入しました！店舗で持ち歩く為、軽くて動作がスムーズなものを探してこちらを購入しました。全て合格です。日本語の説明書も有難いです。,5.0
No.71 : ,大きさもちょうどよく使いやすいです!主にAmazonビデオを観ていますが画質も申し分ありません。この値段でこれだけの商品!文句なし!オススメです!,5.0
No.72 : ,小学生の子どものゲーム用に購入しました。ちょうど良いサイズで、画像もきれいです。初期設定もスムーズにいき購入して2ヵ月ほどですが、問題なく使えています。,5.0
No.73 : ,GPS付でandroid10！この価格でコスパ高すぎです。初めてのAndroidには十分すぎる位。おすすめです。,5.0
No.74 : ,昼間の屋外では使用不可です。ディスプレイが暗すぎて何も見えません！お子さんの入門用タブレットにはいいかも⁉︎,2.0
No.75 : ,子供用のタブレットが容量不足となり購入。値段なりのパフォーマンスかと期待していなかったが良い意味で予想を裏切られました。子供用にしては十分すぎるスペックで、全く問題なく使えています。画質もipsディスプレイを採用しているため、映画等の動画も綺麗に観ることができます。バッテリーの持ちも長いですし、普段使いにはおすすめの機種です。,5.0
No.76 : ,販売店に確認したところ、GO　editionではないとのことだったので購入したが、届いたものは10のGO　edition。自分の使い方には足りないために返品した。対応がスムーズだったので、星１つ追加。,2.0
No.77 : ,複数台購入しました。画質：1~2世代昔のものです。タッチパネル：反応は遅め・カメラ：アスペクト比がおかしい端末やQR読み取りに非常に手間取る個体もあり。バッテリー：減りはそれなり。充電時間：長い。付属の充電器のパワーが弱いからか。総評として値段なりです。,4.0
No.78 : ,子どものゲーム用に購入、初期設定も簡単、全機種からの引継ぎも簡単でした。以前使っていたOVOのタブレットカバーがぴったりで、それも私たちにとても良かったです。大きさも持ち歩くにはちょうどいい大きさで、特にトラブルなく快適に使っていました。ありがとうございます。,5.0
No.79 : ,車のナビ用に購入しました。もともとスマホのデザイングを使って、別のスマホでナビしてましたが、調子が悪くなったのでタブレットもありかと思い購入しました。スマホより画面も大きく見やすいので気に入ってます。この価格では大満足です。ただ、ナビ専用なのでその他は分かりません。,5.0
No.80 : ,とても軽いので、子供には使いやすい。3歳の娘専用に買いました。以前は10インチのタブレットを使わせていましたが2日で壊されました。。画面も大きすぎず小さすぎず7インチで丁度良いです。YouTubeくらいしか見ないので画質もさほど気になりません。充電の待ちも良いです。大人がテレビを見ている時は音量をMAXにしないと本人まで届かない時があります。,4.0
No.81 : ,【操作感】スマホがAndroidのため、操作感が同じで使いやすい。iOSユーザーだとしても(元iOSユーザーです)、直感的に使えると思う。サイズもちょうど良く、女性でもしっかり持てる。【画質】十分。書籍閲覧用をメインに購入したので問題なく見ることができます。【音質】こちらも十分。YouTube等も自宅Wi-Fiが問題なければ快適に観られる。,5.0
No.82 : ,子供が家でYouTubeを閲覧するのみの目的、古いiPadminiの代替として購入。googleアカウントでログインし、初期設定も不要で使えた。画面は小さめだが私達には問題なし。電池容量が小さめな感じはするが、家庭内利用のため問題なし。この価格でちゃんと使えるのかと不安を抱いて購入したが、杞憂でした。,5.0
No.83 : ,読書用のタブレットが欲しくて購入しました。とにかく安いこと、軽いこと、そして充電がそこそこもつことでこの商品に決めました。大きさと軽さは寝ながら片手で扱えて疲れにくそうです。動作は値段相応ですが、この安さなら文句ないです。ダウンロードして書籍や動画を見るぶんには全く問題ありません。ちょっとWi-Fi遠いかな？総合して満足しています。,5.0
No.84 : ,まず軽さに驚きました！タブレットは正直安くてどのくらい使えるか不安でしたが、大きなストレスもなくスムーズに使えています！本当にコスパは最高です！包装も良く、おまけに無料プレゼントの案内まで付いていて良心的だと思いました。,5.0
No.85 : ,主にyoutubeなど動画をラジオ代わりに流していますが途中で途切れるようなこともなく問題なく使用できます。バッテリーも価格のわりにそこそこ持つのではないでしょうか？ただ画質については価格相応でお世辞にも良いとはいえません。,4.0
No.86 : ,飲食店をしています。ウーバーイーツ専用の仕事用タブレットとして購入しました。コンパクトで使いやすそうです。,5.0
No.87 : ,画質、軽さは良いけどボリュームが小さいから、イヤホンが必要かな。ホーム画面に追加の機能があればもっと良かった。総合的には良い商品だと思う。,4.0
No.88 : ,子供用に購入しました。Googleの子供アカウントで使用時間も決められて安心ですしこのお値段だったら満足です。,5.0
No.89 : ,zoom用に購入しました。画質は荒いし、よく途切れます。スペック不足だと感じました。良い評価の方はどんな使い方をしているのでしょうか。,1.0
No.90 : ,思ったより画面の色合いが華やかではありませんでしたが、私は落ち着いた映りでこれもありという感じです。画面ﾌｨﾙﾑの汚れがもう少しつきにくいものだと嬉しいです。,4.0
No.91 : ,電子書籍を読むために購入しました。スマホよりも快適に読めるようになり良かったです。今はイラストを描くツールとしても使用しています。,5.0
No.92 : ,音量最大にしてもあまりにも小さい、イヤホンで聞かないと書き取りにくい。画質、YouTubeを見たときワンセグで見ているくらい画質が荒いし、バッテリーもお世辞にしても持ちが悪い、やはり値段相応というところか、,3.0
No.93 : ,2台目です。息子がベッド上で操作するにはちょうどよい。,5.0
No.94 : ,やっぱり10インチからやと見にくいかな画質も前より落ちて少し残念。,3.0
No.95 : ,トヨタ　オーディオディスプレイ　のミラーリング用に購入しましたが　うまくいかなかったです,2.0
No.96 : ,この価格ですから、値段相応の品質といった品質でしょうか。昔のもっさりした中華タブがまあまあ良くなった感じです。液晶の品質は期待してはいけません。子ども用にはちょうど良いでしょう。カーナビ使用もギリいけそうです。,3.0
No.97 : ,画質は問題なくきれいです。軽さも7インチの他のタブレットと同じか、少し軽いくらいに感じます。Androidに慣れていれば操作は変わらず簡単です！このお値段でこのクオリティなら満足です！,5.0
No.98 : ,運送業でナビ用に購入しましたが、購入半年ほどですでに挙動があやしいです。充電したりしなかったりもあります。,3.0
No.99 : ,動画を見るだけのタブレットとして購入しました。価格がリーズナブルなのが一番の利点ですが、性能もなかなかです！ 家内は動画を鑑賞するだけなので、これをプレゼントしたら大変喜んでくれました。,5.0
No.100 : ,初Androidですが、コスパはメチャクチャ良いと思います。画質などは全然問題なく、iPhoneXSより軽いです。音質は試してないので星3にしました。Googleplayが使えるのでゲームなどされる方には良いかと思います。,5.0
No.101 : ,バッテリーはゲーム起動しっぱなしだと2.3時間しか持ちません。ドラクエウォーク をするには不向き。フリーズやアプリ落ちが頻繁に起こります。処理もかなり重たいので、ストレスになります。メモリが4G無いと厳しい。,2.0
No.102 : ,結論は十分使える！間違いなし！ただし、画質はスマホよりボンヤリしてる！外では見にくい、もしくは見えない！室内なら問題無し！ドローンのコントローラーはやめたほうが良い！何故なら外だから見えない！,5.0
No.103 : ,総合的にとても使いやすいのですが、設定かもしれませんがdiscordが使えません。zoomは使えるのですが。。使い方教えて欲しいです。ちなみに同じ型のピンクのタブレットを持っていますが、そちらは問題なく使えています。,4.0
No.104 : ,もともと7インチのタブレットを使用していましたが壊れたため今回購入しました。以前のは背面がプラスチックで安ぽ買ったのですが今回のは金額の割にはしっかりしていてコンパクトで使いやすいです。Wi-Fi接続も簡単で年配の私にも簡単に使用できました。,5.0
No.105 : ,お年頃的に、スマホ画面では小さくて見づらそうに妻が見えたので、スマホ機種と指紋が薄いのも考慮の上で、こちらAndroid、顔認証ありを選択しました。いきなりiPadは混乱しそうだったので。１週間経って、今のところ問題なく、想定通り使えているようです。,5.0
No.106 : ,韓国語対応できるのもよかった。他にもいろんな言語を対応できるので外国人向けに良いと思った。規制なくアンドロイドのアプリとかダウンロードできるのも良い。外で文章作業するため買っているが、軽くて携帯しやすいのが良い。,5.0
No.107 : ,注文したのが夕方だったが次の日の昼過ぎには配送されて来ました。心配だった設定もわりと簡単に出来ましたが、Google 日本語のキーボードで数字のキーを表示させられなくて大分苦労しました。あとは今のところ順調です。,4.0
No.108 : ,動画配信のモニター用に購入しました。画像、音質は思っていたほど悪くなかったです。コスパを考えれば十分だと思います。,5.0
No.109 : ,子供用に買いました。問題なくYouTube鑑賞出来てます。この値段でこの性能なら大満足です。,5.0
No.110 : ,特に問題なく使えています。画質も音質も値段を考えれば我慢出来るレベル不満をあげるとすれば、USBtypeCじゃないところかな概ね満足してます。,5.0
No.111 : ,コスパが良。軽くて片手で使いやすいし、画質とスピードは良いとは言えませんが許容範囲。ただ、同封の充電用アダプターが使えなく、他のアダプターにて充電してます。またバッテリーの消耗が予想以上に早いです。,3.0
No.112 : ,高齢の母がyoutubを視聴するため購入しました。操作は10分ほど何回か教えたら覚えました。スマホより画面が大きいので見やすいのと軽いのが利点です。自宅利用が主なのでこのタブレットで十分だと思います。値段以上に思います。,5.0
No.113 : ,とにかく、大きさも丁度良いですが、スマホよりも、軽い。普段、Androidを使ってらっしゃる方でしたら、初期設定は直ぐにできます。もう、１台欲しい位です。,4.0
No.114 : ,ゲーム用として使うのはおすすめ出来ません。バッテリー1時間程度、動作が遅くてチャット等には不向きです,2.0
No.115 : ,画質が悪いですが、子供が使うし、あまり気にしません。1万なら値段相応か、少し高いかな？って思うかもです。,3.0
No.116 : ,今までZenpad7インチを使用していたが、反応が悪くなったので、買い換え。同じ7インチなのに、軽くて持ちやすい。初期設定も簡単で、ストレスなくすぐに使えました。動きもゲームをしない私には、充分満足です。,4.0
No.117 : ,低価格でそれなりの性能です。素晴らしいと思います。ただ、ポートがマイクロUSBでした。あと2GBRAMが原因かわからないがFF8インストール出来ない。時間が1時間ずれてます。,4.0
No.118 : ,息子用に買いました。Wi-Fiメインで使ってるので、速度も気にならず、動画を見れてます。他のアプリもダウンロードして使えてます。いい買い物をしました。,5.0
No.119 : ,ウバーイーツのために購入しました。注文があった時大きな音声で知らせる事がやはり1番いい点でした。スピードがそこそこですが、ウバーには問題なく使えている。バッテリーも長持ちみたいですので期待した通り、よく使えている。,4.0
No.120 : ,他のレビューにもありますが、音が思ったより小さくしか出せません。イヤホンなどで聞くことが前提の仕様なのかなと思います。ただかなり軽いので、年配の親には良いです。,3.0
No.121 : ,1万円をそのままゴミ箱に捨てるのと同じなので買わないことをおすすめします。,1.0
No.122 : ,電子書籍のリーダーとして購入しました。目的のためには必要十分です。音質はスピーカーがよくありません。画質もすごくいいわけではありません。カバーガラスを購入しましたが、気泡が抜けずぴったりつきません。,4.0
No.123 : ,子供用に買いました。軽くて持ち運びに便利です。主に動画の視聴で使用。,5.0
No.124 : ,Amazonプライム閲覧用に購入しました。値段の割には使えると思いますが、画面の動きはカクカクしていて、ネットを閲覧する際は目が疲れます。ただ、本体は軽いので片手で持って動画を見たりするのには十分機能を果たすと思います。,4.0
No.125 : ,youtubeなどで使いますが画面が明るくて良かったです。この価格で顔認証 がつかえるのもよいですね。,5.0
No.126 : ,サイズ感がピッタリでした！音楽と読書なら十分すぎるほどでした。,5.0
No.127 : ,最初は良かった2台購入ガラス貼ってケースに入れて普通に使用してました両方まだ1年経ってないのに右画面がタッチ効かなくなりましたもう買いません,1.0
No.128 : ,初めてタブレットを買いました。そうしたらいいレビューのこのタブレットにたどり着いて、安くて不安でしたが予想以上でした。読書用に購入したのですが、大変読みやすく、ページもサクサクめくれて大満足でした。,4.0
No.129 : ,自宅用で、自分に8S、中3の子供に7Sを購入しました。2人で使っていたiPadが古くなったための買い替えで、安くて心配な面もありましたが、何の問題もなく、使い易いです。コスパ最高で子供も喜んでます！！,5.0
No.130 : ,電子書籍専用端末として購入しました。画面サイズもちょうどよく、本が読みやすそうです。初タブレットなので比較はできませんが、充分な機能だと思います。スマホよりは当然少し重めなので、家ではスタンドに置いて読んでます。,5.0
No.131 : ,値段の割にいい！子供のために購入しましたが、必要十分です。,5.0
No.132 : ,他の中華タブレットは文字入力で押したボタンの隣の文字が入力される品物がありますが、このタブレットは文字入力のボタンの反応はよく、良い品だと思いますが、ただ音量が最大でも他タブレットより、小さい気がします。,4.0
No.133 : ,動画は問題ないですが、ゲームは無理です。コマ送り！！,3.0
No.134 : ,子供用に購入しました。以前使っていた物が壊れた為、今回はセールと専用カバーも有ったのでこちらを購入。カメラの画素数は物足りないですが、子供用なので全然問題無いです。,4.0
No.135 : ,そろそろ新しいタブレットが欲しいと思い購入。内容としてはタブレットの処理速度が遅いのが気になったが、画質については文句無し。後、軽量で持ち運びも便利。買って良かったと思います！,4.0
No.136 : ,とにかく軽い、動きはまあまあ良い。YouTubeも問題なく観れます。ゲームは動きが悪いです。画質は青色が強いのか暗く感じます。全体的にコスパは良いです。,4.0
No.137 : ,電子書籍として使ってます。Amazonプライムビデオもみれるため、今回はタブレットを購入しました。大きさがちょうどよく、通勤時電車の中で使うにはちょうどいいと感じています。,5.0
No.138 : ,キッチンで動画を観るとき用のタブレットを探していたところ、価格もサイズもちょうど良いこちらの商品を見つけました。家事をしながら利用するので、顔認証でログイン出来るのはとても便利です！！,4.0
No.139 : ,あまり期待せずに購入しましたが、動きもいいし、軽く使いやすい印象です。画面は若干安っぽい感じですが、安価なのでこんなもんでしょう。あとは長持ちてくれることを期待して星5にしてます。,5.0
No.140 : ,タッチパネルが反応する部分と反応しない場所があるので注意したほうがいい,1.0
No.141 : ,初めてのタブレットですが日本語のマニュアルも付いてますし、スマホみたいに操作できて使いやすいです！音が少し悪いかなって位でそれ以外は気にならないですね！値段も安くて良かったです！！,5.0
No.142 : ,モッサリ感はあるけどこの値段なら満足。8インチも購入したけど7インチの方が性能良いような…。気のせいかな？,4.0
No.143 : ,出先でのゲーム用に購入。画質も動作スピードも価格を考えれば充分満足できるレベル。ただスピーカーの音だけは如何ともしがたいが、音楽を聴く目的ではなかったので音量を絞って使っている。,4.0
No.144 : ,娘のために購入しました！とてもコンパクトで軽くて持ち歩きしやすいです！あまり画質にこだわりないのでいいのか悪いのか分からないので星4です。機能性はいいと思います。,5.0
No.145 : ,SNS、ネットショッピング、銀行等に使用してますが１つだけSDカードの動画再生時の音が小さいかなぁ(設定では最高に)でも重宝してます。,4.0
No.146 : ,息子へのプレゼントに購入しました。とても喜んでくれました。,5.0
No.147 : ,思っていたよりもタッチペンの反応が良く、スラスラ書けます。画質はそれなりに良いですが、あと一歩!!!!という感じです！動作も今のところ問題ないので毎日ストレスなく使用しています。,4.0
No.148 : ,子ども用に買い換えました。少し小さめで探してたら、この商品を見つけました。サイズちょうど良いです。画質も悪くないし動画もゲームも綺麗でした。,5.0
No.149 : ,すぐ壊れた‼️値段のがとやな‼️,1.0
No.150 : ,個人的にスマホと2個持ちするのに丁度いい大きさで邪魔にもならない7インチがお勧め,4.0
No.151 : ,コンパクトサイズのタブレットなので、軽量で持ち運びに便利です。YouTube等快適に視聴出来ております。1万円以下で買えるのでコスパは良いと思います。,4.0
No.152 : ,車載カメラのモニターを主な用途で購入しました。又スマホの容量不足に困っていたのでよく使うもの以外のアプリはこちらで使おうと思っています。とにかく価格が手頃なのがうれしいです。,4.0
No.153 : ,GPS機能付きでこのコスパは他にありませんでした。カーナビで使用しています。軽くて使いやすいです。明るい所で使用の際にもう少し明るくなってくれると尚嬉しいです。,5.0
No.154 : ,携帯画面では見えづらくなってきたので購入しました。十分見やすく購入して良かったです。字幕がとても見やすく助かっています。,5.0
No.155 : ,特に問題なく使えている,5.0
No.156 : ,表題の通りスマホより大きいのに軽いことに驚きました。スマホゲームがやりやすくなって満足です。金額相応で良かったです。,4.0
No.157 : ,とても軽くて持ち運びしやすく画面もきれいで動きも軽くストレスはなしです,5.0
No.158 : ,薄くて、持ち運びに便利です。読書モードがあり、マンガや小説を読むとき便利です。,5.0
No.159 : ,カーナビ代わりに購入しました、大きさも動作も満足してます。,5.0
No.160 : ,まだ届いたばかりですが、デザイン、重量、画質ともにコスパがいい商品だと思います。,5.0
No.161 : ,10歳の子供の誕生日プレゼントに購入しました。YouTubeやゲーム　時には勉強に使っています。とても気に入ってるみたいです。,5.0
No.162 : ,最低限使えればいいと思って購入。値段のわりに、それなりに使えます。軽いので、寝転がっての動画視聴には最適だと思います。,4.0
No.163 : ,画質も良く動きもスムーズで値段の割にとてもお買い得でした。セカンドタブレットとして最適です。,5.0
No.164 : ,３日ほど使用してみて、７インチの軽いタブレットが欲しかったので、本品は私の用途としてピッタリでした。,5.0
No.165 : ,母の誕生日プレゼントに購入しました！動画を見たり写真を撮ったりの用途目的だったので重く無くちょうど良かったです！,4.0
No.166 : ,設定がとても簡単でした！分かりやすくてタブレット初心者の私でもすぐに使うことが出来て便利です。動画を見るのに使用していこうと思ってます。,4.0
No.167 : ,YouTube、prime等の動画を見たりするのにはコスパ最高なタブレットだと思います。設定も楽に出来ました。,5.0
No.168 : ,10月15日購入12月10日朝に電源が入らなくなりました。保証、もしくは修理等はありますか？問い合わせが出来ずこちらから失礼致します。,2.0
No.169 : ,軽くて使いやすい！バッテリーの持ちも良かったです。初期設定が英語だったので最初は説明書をみて設定しました。,5.0
No.170 : ,バッテリーの消耗が激しいです。操作性などはとても良いです。,3.0
No.171 : ,電子書籍(漫画)専用機として購入。画面の大きさがちょうど良くてよい。軽いので長時間の読書も可能だと思う。,5.0
No.172 : ,はじめてのタブレット購入で試しに購入をしてみました。このお値段でタブレットを使えるのはありがたいです。設定も問題なくできました。,5.0
No.173 : ,通勤の電車内で、動画や電子書籍を閲覧するのにちょうどいいです。コスパ最高です。,5.0
No.174 : ,動画視聴などの専用機として購入しました。画面は見やすいですし、3時間くらいの動画を見ても充電は十分に持っているので大満足です。,5.0
No.175 : ,サブとして購入しました。まだ使い初めたばかりですが、初期設定も簡単にできましたし、サイズ感もちょうどよさそうです。,5.0
No.176 : ,画質はこの値段ではいいほうバッテリーはまだ新品なので問題ない軽くて使いやすい,5.0
No.177 : ,画質が綺麗で動作も早いのでストレスなく使える。,5.0
No.178 : ,サイズがコンパクトで軽いです。設定も簡単にできました。漫画を読んだり動画を見て遊ぶように使います,5.0
No.179 : ,子供用に購入しました。軽くて子供には、ちょうど良い大きさなので喜んで使っています。,5.0
No.180 : ,とにかくコスパがいい。子供の誕生日に購入しました。アプリもYouTubeも問題なく見れます。,5.0
No.181 : ,値段の割には良い商品でした！ベッドの中で使ってます。大きさも丁度よく、軽くて、性能も満足です,5.0
No.182 : ,主にKindleなどを利用するために購入しました。特に動作に問題はなく、サクサク動くので読書や調べ物には最適です！,5.0
No.183 : ,複数ある中で用途によって使い分ける為に購入しました。接続、起動も簡単で持ち歩くのにもってこいのサイズと軽さです。,4.0
No.184 : ,タブレットの操作は軽快に使えるがゲーム等の用途で使うには難あり。使用用途を考えて購入した方がいい。,4.0
No.185 : ,外国製なので、どうかなと思ったけどパッケージにしっかり梱包されてきて安心できた。まだ使用していないけど期待できそう！,5.0
No.186 : ,正直あまり期待していませんでしたが、とても使い易く金額以上だと思います。,5.0
No.187 : ,軽くて、使った感じとても良いと感じる。本日受け取ったばっかなので動画を見るように使いたいと思う。,5.0
No.188 : ,子供用に購入。軽いし扱いやすく子供には十分です。,5.0
No.189 : ,コストパフォーマンスはいいと思います。手軽でコンパクトです僕は車載用に使ってます。,5.0
No.190 : ,ちょうどいいサイズ感で良い。電子書籍見るようで購入したのでスペックなどはわからないが自分的には大満足！,5.0
No.191 : ,コスパ良し。動画視聴用に購入しましたが、問題無く使用できてます。,5.0
No.192 : ,この値段でなら買って良かったです。　ナビとして購入しましたが全く問題なく使えています。,5.0
No.193 : ,軽くて読書に良いです。顔認証もサイコー,5.0
No.194 : ,軽くて持ちやすいので、片手で操作するにも便利です。,5.0
No.195 : ,すぐに届きました。手に合う大きさで使い良さそうです。充電器がコンパクトなのも○です。,4.0
No.196 : ,動作、スペックともに期待以上で満足しています。Android2GROM流石ですね。,4.0
No.197 : ,明るさMaxに調整してもゲーム画面が暗い。バッテリーもありえないくらい、グングン減っていきます,3.0
No.198 : ,高機能製品に慣れてたらイライラするが、この値段で動画視聴ができるならむしろお得まである安く済ませるならいいチョイス,5.0
No.199 : ,昨夜注文して本日届きました。さっそくセットアップしてみましたが、画質、軽さ共に良かったです。,4.0
No.200 : ,値段の割にいいです。さ　値段の割には充分です,5.0
No.201 : ,スタートアップが簡単即、使用開始でき詳しくなくても大丈夫でした。,5.0
No.202 : ,子供達が使う為に購入しました。価格以上にクオリティが高くとても満足しました。,5.0
No.203 : ,サクサク作動するのでストレスフリーです顔認証の認識能力が低いのが残念です,4.0
No.204 : ,画質、充電も問題なく使えます。毎日使っていますが、不具合を感じません。,4.0
No.205 : ,子供用に購入。配達もはやくてよかったです。子供も喜んでて嬉しいです。,5.0
No.206 : ,注文してからが早くて助かりました。商品もとても軽いので、使用用途が広がります。,4.0
No.207 : ,画質もキレイで大きさもちょうど良くとても満足です。ありがとうございました。,5.0
No.208 : ,総合的に平均以上の性能だと思います。買ってよかったです。,4.0
No.209 : ,特に何も問題無く使えてます,4.0
No.210 : ,8歳の子供の誕生日プレゼントに購入 楽しく使えています,4.0
No.211 : ,動画視聴ように買いました思ったより軽くて使いやすい,4.0
No.212 : ,動画や電子書籍用に購入。問題無く使い始めてます。,4.0
No.213 : ,子ども用です。このお値段で、この性能！とてもありがたい。,5.0
No.214 : ,子供用にはピッタリ。,5.0
No.215 : ,使いやすい。毎日使いにします。,5.0
No.216 : ,とても軽いです！画質は思っていたより悪かったので、星２つにしました。,3.0
No.217 : ,使いやすいし軽いから満足,5.0
No.218 : ,安く購入できます、家庭用なら十分だと思います。,3.0
No.219 : ,値段のお手頃さとそこそこの使いやすさが良かった,5.0
No.220 : ,保護フィルム付きが良かった‼︎,5.0
No.221 : ,画面のバックライトオプションが必要です。,5.0
No.222 : ,コストパフォーマンスが良く重宝してます。,5.0
No.223 : ,なかなか使いやすいと思う,4.0
No.224 : ,値段以上に質の良いタブレットでした,5.0
No.225 : ,音が少し小さい。後は概ね満足です。,4.0
No.226 : ,チョロっと使うならこれで大丈夫！,5.0
No.227 : ,軽くて操作性も良いです。,5.0
No.228 : ,この安さで使いやすい！,5.0
No.229 : ,画質がとてもいいです,5.0
No.230 : ,,4.0
No.231 : ,ゲーム用に購入,4.0
No.232 : ,よかった,5.0
No.233 : ,とても気に入りました。,5.0
No.234 : ,予想以上に軽い！,5.0
No.235 : ,Amazon外で購入しましたが、とにかく充電速度が遅いです。充電ケーブルを差したまま使っていてもどんどん減っていき4～5時間後にはバッテリー切れに…。仕方なく電源を落としたまま充電して、8時間以上そのままにしておいても60％くらいしか充電されない。15時間くらいほったらかしておけば100％になるのでバッテリーの不具合というわけでもなさそう。とにかく電池の減りが速い上に充電に時間がかかり過ぎて、休日にのんびり動画鑑賞なんてできない。中華タブレットはこれまで何台も使ってきましたが、充電速度より電池の減りの方が速い端末なんて初めてです。そんなに重くないゲームでもカクカクだし画質も悪い。何でこんなに高評価なのかわかりません。まぁ1日1～2時間ネットを見たりSNSをやったりするくらいの使い道なら使えると思いますが…。,1.0
No.236 : ,動きや充電の持ちなど考えても1万円の価値はないかと。私はセールで安く買えたので使い続けますが、それでもサブタブレット、もしくは入門向けでしょう。,2.0
No.237 : ,5、6年使用していたタブレットより新しければいいぐらいの気持ちで購入してみたものの、YouTubeは1080pにすると静止画になる。netflixも人物が動くと一気に粗くなって観ていられない（アマプラも同様）値段相応と言われればそれまでだろうが、割と購入した事を後悔しました。ゲームは試していないのでわかりませんが、お察しだと思います,2.0
No.238 : ,プリコネ用に購入しました、結果的にはちゃんと動きます。少しディスプレイの黒レベルが高い気がするけどコスパ重視で！,5.0
No.239 : ,値段が安くて高クオリティなのがポイント！,5.0
No.240 : ,まだ使い始めたばかりですが、今のところ問題ないです。大きさもそこそこサイズあるから画面も見やすいですし、なんと言っても軽いのが嬉しいです。,5.0
No.241 : ,画質、バッテリーの持ちは満足。そこまで高いパフォーマンスは求めていなかったが、十分に使いやすかったのでありがたいです。大事に使います。,5.0
No.242 : ,安い値段で十分にタブレットを遊び尽くすことが出来ます❗,5.0
No.243 : ,安かったから少し心配していたが、普通に使えるようで安心しました。,4.0
No.244 : ,Androidシステム初めて使っている。映画鑑賞は全然大丈夫です。特に画面、解像度、きれいです。ゲーム、小説問題なし。Wifi 速度に満足です。顔認識早い、便利です。素材の感触が良かった、滑りない。,5.0
No.245 : ,一部ゲームやSNS用に購入。値段なりだとは思いますが、Androidのタブレットは他にHUAWEIやlenovoを使っていますが、こちらは以下の点がイマイチです。・文字は少し滲むような画質・日本語設定でもシステムが英語使ってくる。(これだけ消してこれだけ空きができたと言うメッセージとか)・下の3つのボタンがなぜか押しにくく、アプリを開いたり他の所を押しやすく、ディスプレイ(ユーザー補助)→表示サイズで特大〜最大に大きくしないと使いづらい。そうすると文字も大きくなり私には大き過ぎるのでフォントサイズは小にしました(スマホと同じ設定の仕様)・Google GOを無効にできたけど検索と書かれた黒いバーがそのまま放置(スマホだとGoogleアシスト強制なのでマシ),5.0
No.246 : ,中学生になった息子が前からタブレットが欲しいと言っていたので入学祝いに購入しました。7インチなので持ちやすいサイズ読書好きの息子には電子書籍が気に入ったようです。私も3回ほど電子書籍を見たりして使ってみましたがこの値段で画質や操作はいいですが音が少し気になる時があります。1年保証が付いてるので息子が初めて使うには丁度よいかなと感じました。,5.0
No.247 : ,レビューの前提として価格が一万円ということがあります。安いですね。子供のYouTubeミュージック用として購入しましたが、かなり良いです。Bluetoothスピーカーに繋いで使用してます。○画質映画鑑賞なんかは全く問題ないすね。YouTubeにも最適です。○軽さ軽いです。○音質スピーカーは十分程度です。○総評子供用に買いましたが、自分用にも購入しようかと検討中です。軽いのでwebブラウジングやニュースなど読むのに良いです。,5.0
No.248 : ,通勤中の暇つぶしにゲーム専用機として購入。あまりCPU負荷のかからない軽いゲームしかやらない自分にはちょうど良い。パワー不足のもっさり動作とかは気にしていない（自覚してるが）前は１０インチ超タブレットだったが、１０インチはデカい。重い。邪魔の３拍子揃いだった。最後には満員電車で砕かれてお亡くなりになった。やはり、通勤途中用には７～８インチ程度がいちばんお手頃サイズと言うオチ。え？大画面スマホ？なにそれ？うまいの？,5.0
No.249 : ,ショルダーバックにも余裕で入るものを予算内で探していました。サイズ感はぴったりです。画面も綺麗だしすごく気分も上がりました。新しい季節、思い切って購入してよかったです。移動中外出先でたくさん使います！,5.0
No.250 : ,問題なく動きます❤️価格も安く2台目3台目にピッタリです。,5.0
No.251 : ,ある程度サクサクは動くし、普通に画像も問題なし。さすがにiPadと比べたら少し劣りますが、値段を考えれば問題なし。とても良い商品です。中華タブレットを人に勧めるvankyoお勧めします。,5.0
No.252 : ,一万円以下が希望でこの性能であれば満足してます。気軽にYouTubeを見るだけに使ってるので自分には充分です。Bluetooth4.1対応でワイヤレスイヤホンで聞いていて、音も良いです。,4.0
No.253 : ,他の方も言っていましたが、日本で使うので日本語の設定と基準の時間を日本時間にする事。それ以外は問題なく動いています。,4.0
No.254 : ,今回、2代目の購入です。昨年買った1代目も現役で、頑張ってます。2代目は車のナビ用に購入しました。GPS内蔵なので良好にナビして貰えます。2時ナビを点けっぱなしでバッテリーが少なくなったのは残念ですが、価格相応なので満足しています。,5.0
No.255 : ,軽いので子どもにも手軽に使える。宅内のWi-Fi限定で使っているが何の不自由もない。,5.0
No.256 : ,主に動画見るために購入しました。問題なく見れてます。,5.0
No.257 : ,やはり画質が良くない、外で見ることが多いので見づらい,3.0
No.258 : ,製品自体はipadとかよりかは小さい感じですが、コンパクトですし、解像度も悪くありません。画像の通り、amazonprimeとかの動画はしっかり重くなくみれます。配信とかも結構スムーズにできたりしますし、この値段なら購入しても後悔がないと思います。オススメです,5.0
No.259 : ,S21を購入し自分としては、評価が高かったのでブックリーダ用に同メーカーのS7を購入しました。S21と比較すると画質は、落ちますが自分の使用目的としては軽量、低価格でこの製品が手に入り非常に満足しています。,5.0
No.260 : ,会社でタブレットが必要になるとのことで、父にプレゼントしました！サイズ感軽さ使い勝手など、とにかくよかったとのことですごく喜んでいました！,5.0
No.261 : ,初めて自分で購入したタブレットです。詳しくない私でも操作は難しくなかった。とにかく軽くてビックリ！しかし、もう少し大きい画面を買えば良かったです。,4.0
No.262 : ,3ヶ月で　残念カーナビの補完用で試しに購入。画面はやや暗いが、問題なし。地図、動画　用途なら十分と感じます。,1.0
No.263 : ,電子書籍用に購入しました。7インチなので片手で持てますし、軽いので長い時間持っていても疲れません。動作は多少もっさりしますが、手頃な値段で満足しています。,5.0
No.264 : ,英語表示でやり方がわからない！グーグルにログインできないですよ!,2.0
No.265 : ,小学４年生の娘のお誕生日にプレゼントしました。丁度良い大きさで、小学生にも扱いやすく、とても気に入っています。,5.0
No.266 : ,思ったより小さくて使いやすそう！まだ使ってないけど！とても良さそうです◎,5.0
No.267 : ,10000円のお手頃価格サイズも持ち運びやすい見やすさもいい感じです,5.0
No.268 : ,子供用に買いました。高いのは壊されたら悲しいのでお手頃価格のこちらをチョイス。本人も喜んでいたので良かったです。,5.0
No.269 : ,サイズも良く、使いやすくて仕事で助かります！,5.0
No.270 : ,値段相応のものと思います,5.0
No.271 : ,全体的に価格を考えると満足です。,5.0
No.272 : ,値段の割にいい,5.0
No.273 : ,早く届き、軽さも、初心者の私でも使いやすいように説明書もついてて安心しました,4.0
No.274 : ,再起動遅いしWi-Fiの接続も頻繁に切れる。,1.0
No.275 : ,コンパクトでとても使いやすいです。軽くて持ち運びも簡単,4.0
No.276 : ,この価格でこの性能の商品であれば、お買い得と思いますカバンに入れて持ち運び、使用するのに向いています。スマホ画面が５インチ以下の方に、購入を勧めます。,5.0
No.277 : ,動画用に購入しました。設定等は携帯もAndroid使ってるので問題無く出来ました。携帯と仕様が違うので、そこだけ戸惑いましたが、問題無く使えてます。追記・届いた時にレビューしたら無料で3点くらいプレゼントみたいな感じであったので、その通りにしましたが、いまだに何も連絡ないし、商品も届いてません。別にそこまで必要性感じてなかったのでいいですが、もっとわかりやすいやり方とか他サイトではあるので、結局どーなってんのか届いてないのかすら分からないままです,5.0
No.278 : ,通勤用に購入。軽くて持ち運びにはちょうどいい。画質も悪くなくコ・ス・パよし！設定も初期から日本語設定なので難しくはなかった！,5.0
No.279 : ,気に入ったこと！値段の安さ！子供がYouTubeを観るので、こちらの製品とキッズ向け製品の2台を買いました。初心者のため、初期設定に手こずりましたが、(はじめ、言語を選ぶことを知らずに英語で苦労した)なんとか2台使えています。ケース、バッグ、フィルムを合わせて買いましたが、2万ちょっとだったので、満足です。気に入らなかったこと！画質が微妙。値段相応だと思っています。その他キッズ用のタブレットは、ケースが大きく頑丈で、立て掛けるのも後ろのリングを開くだけなので、小さい子でも扱いやすいです。,5.0
No.280 : ,コスパ以上の商品,5.0
